
{
  "scripts": {
    "dev": "next dev",
    "build": "next build",
    "start": "next start",
    "lint": "next lint",
    
    "prisma:generate": "prisma generate",
    "prisma:deploy": "prisma migrate deploy",
    "prisma:status": "prisma migrate status",
    "prisma:studio": "prisma studio",
    
    "seed:rulebook": "tsx scripts/seed_rulebook.ts",
    
    "test:regression": "tsx scripts/run-regression-tests.ts",
    "test:security": "tsx scripts/test-security.ts",
    "test:apis": "tsx scripts/test-apis.ts",
    "test:i18n": "tsx scripts/test-i18n.ts",
    "test:redis": "tsx scripts/test-redis.ts",
    "test:observability": "tsx scripts/test-observability.ts",
    "test:load": "node scripts/load-test.js",
    
    "ops:status": "tsx scripts/ops-status.ts",
    "ops:metrics": "tsx scripts/ops-metrics.ts",
    "ops:health": "bash scripts/health-check.sh"
  },
  "dependencies": {
    "ioredis": "^5.3.2",
    "artillery": "^2.0.0"
  }
}
