document_id,editor_id,original_content_length,edited_content_length,edit_distance,edit_distance_percentage,learning_confidence,preferences_updated,test_status
doc_1,editor_001,1250,1180,70,5.6,0.2,false,NOT_TESTED
doc_2,editor_001,1100,1050,50,4.5,0.4,false,NOT_TESTED
doc_3,editor_001,1300,1200,100,7.7,0.6,false,NOT_TESTED
doc_4,editor_001,1150,1100,50,4.3,0.8,false,NOT_TESTED
doc_5,editor_001,1200,1150,50,4.2,1.0,false,NOT_TESTED

# Analysis Results:
# Expected: ≥25% reduction in edit distance by doc #5
# Actual: NOT_TESTED - Development server not running
# Status: FAILED - Cannot validate AI preference learning

# Test Data Description:
# - Same editor (editor_001) editing 5 documents
# - Consistent editing patterns expected to reduce over time
# - AI should learn preferences and reduce edit distance
# - Target: 25% reduction from doc_1 to doc_5

# Implementation Status:
# - AI Preference Learner: lib/ai/preference-learner.ts (EXISTS)
# - API Endpoint: app/api/ai/preferences/route.ts (EXISTS)
# - Database Schema: UserPreferences model (EXISTS)
# - Test Environment: NOT CONFIGURED

# Blockers:
# 1. Development server not running
# 2. Database not connected
# 3. No test data available
# 4. Cannot validate learning algorithms
# 5. No functional testing possible

# Recommendations:
# 1. Start development server
# 2. Configure database and run migrations
# 3. Create test content with known editing patterns
# 4. Implement learning validation tests
# 5. Measure edit distance reduction over time
